{"nm":"Comp 1","ddd":0,"h":1080,"w":1080,"meta":{"g":"@lottiefiles/toolkit-js 0.26.1"},"layers":[{"ty":0,"nm":"Pre-comp 1","sr":0.9,"st":0,"op":81,"ip":0,"hd":false,"ddd":0,"bm":0,"hasMask":false,"ao":0,"ks":{"a":{"a":0,"k":[540,540,0],"ix":1},"s":{"a":0,"k":[100,100,100],"ix":6},"sk":{"a":0,"k":0},"p":{"a":0,"k":[568,540,0],"ix":2},"r":{"a":0,"k":0,"ix":10},"sa":{"a":0,"k":0},"o":{"a":0,"k":100,"ix":11}},"ef":[],"w":1080,"h":1080,"refId":"comp_0","ind":1}],"v":"5.7.0","fr":30,"op":81,"ip":0,"assets":[{"nm":"","id":"comp_0","layers":[{"ty":4,"nm":"1 Outlines","sr":1,"st":0,"op":300,"ip":0,"hd":false,"ddd":0,"bm":0,"hasMask":false,"ao":0,"ks":{"a":{"a":0,"k":[395.302,305.887,0],"ix":1},"s":{"a":0,"k":[215,215,100],"ix":6},"sk":{"a":0,"k":0},"p":{"a":0,"k":[916.4,505.156,0],"ix":2},"r":{"a":1,"k":[{"o":{"x":0.167,"y":0.167},"i":{"x":0.833,"y":0.833},"s":[0],"t":0},{"s":[360],"t":90}],"ix":10},"sa":{"a":0,"k":0},"o":{"a":0,"k":100,"ix":11}},"ef":[],"shapes":[{"ty":"gr","bm":0,"hd":false,"mn":"ADBE Vector Group","nm":"Group 1","ix":1,"cix":2,"np":4,"it":[{"ty":"sh","bm":0,"hd":false,"mn":"ADBE Vector Shape - Group","nm":"Path 1","ix":1,"d":1,"ks":{"a":0,"k":{"c":true,"i":[[-0.702,-1.431],[0.445,-1.516],[0.064,-0.167],[3.248,1.25],[-1.251,3.248],[-0.077,0.157],[-1.473,0.586],[-1.489,-0.574]],"o":[[0.699,1.422],[-0.047,0.163],[-1.25,3.248],[-3.249,-1.251],[0.064,-0.167],[0.684,-1.418],[1.479,-0.59],[1.488,0.573]],"v":[[5.703,-2.785],[6.096,1.771],[5.928,2.268],[-2.23,5.891],[-5.853,-2.268],[-5.642,-2.756],[-2.297,-5.865],[2.306,-5.891]]},"ix":2}},{"ty":"sh","bm":0,"hd":false,"mn":"ADBE Vector Shape - Group","nm":"Path 2","ix":2,"d":1,"ks":{"a":0,"k":{"c":true,"i":[[1.152,0.445],[0.547,-0.243],[0.215,-0.559],[0,0],[0,0],[0.585,-0.074],[0,0],[0,0],[1.129,-0.501],[0.216,-0.559],[-0.242,-0.546],[0,0],[0,0],[0.364,-0.465],[0,0],[0,0],[0.572,-0.895],[0.054,-0.138],[-0.242,-0.547],[-0.557,-0.215],[0,0],[0,0],[-0.072,-0.586],[0,0],[0,0],[-0.501,-1.129],[-0.559,-0.215],[-0.546,0.243],[0,0],[0,0],[-0.465,-0.363],[0,0],[0,0],[-1.152,-0.444],[-0.547,0.243],[-0.215,0.558],[0,0],[0,0],[-0.585,0.072],[0,0],[0,0],[-1.129,0.501],[-0.216,0.558],[0.242,0.547],[0,0],[0,0],[-0.364,0.466],[0,0],[0,0],[-0.444,1.153],[-0.025,0.145],[0,0],[0.171,0.387],[0.557,0.214],[0,0],[0,0],[0.072,0.585],[0,0],[0,0],[-0.214,0.559],[0.243,0.546],[0.558,0.215],[0.547,-0.243],[0,0],[0,0],[0.466,0.364],[0,0],[0,0]],"o":[[-0.558,-0.214],[-0.547,0.243],[0,0],[0,0],[-0.589,-0.043],[0,0],[0,0],[-0.501,-1.129],[-0.547,0.243],[-0.215,0.557],[0,0],[0,0],[-0.446,0.386],[0,0],[0,0],[-0.99,-0.381],[-0.08,0.126],[-0.215,0.559],[0.243,0.547],[0,0],[0,0],[-0.042,0.589],[0,0],[0,0],[-1.128,0.502],[0.243,0.546],[0.558,0.215],[0,0],[0,0],[0.386,0.446],[0,0],[0,0],[-0.444,1.153],[0.558,0.215],[0.547,-0.243],[0,0],[0,0],[0.589,0.043],[0,0],[0,0],[0.501,1.129],[0.547,-0.243],[0.214,-0.559],[0,0],[0,0],[0.446,-0.386],[0,0],[0,0],[1.153,0.444],[0.052,-0.135],[0,0],[0.059,-0.415],[-0.243,-0.547],[0,0],[0,0],[0.042,-0.589],[0,0],[0,0],[0.545,-0.242],[0.215,-0.56],[-0.243,-0.547],[-0.558,-0.214],[0,0],[0,0],[-0.386,-0.446],[0,0],[0,0],[0.444,-1.153]],"v":[[4.5,-11.593],[2.786,-11.549],[1.604,-10.306],[1.145,-9.11],[0.693,-9.142],[-1.077,-9.097],[-1.526,-9.042],[-2.047,-10.215],[-5.004,-11.353],[-6.185,-10.11],[-6.142,-8.397],[-5.621,-7.224],[-5.964,-6.928],[-7.185,-5.645],[-7.462,-5.288],[-8.66,-5.749],[-11.353,-4.863],[-11.555,-4.464],[-11.512,-2.75],[-10.27,-1.568],[-9.072,-1.107],[-9.105,-0.656],[-9.06,1.114],[-9.004,1.564],[-10.177,2.084],[-11.315,5.041],[-10.073,6.222],[-8.359,6.179],[-7.186,5.658],[-6.891,6.001],[-5.608,7.221],[-5.25,7.499],[-5.711,8.696],[-4.426,11.592],[-2.711,11.548],[-1.53,10.306],[-1.069,9.11],[-0.617,9.142],[1.151,9.097],[1.602,9.041],[2.122,10.214],[5.078,11.353],[6.26,10.11],[6.217,8.396],[5.695,7.223],[6.039,6.927],[7.259,5.644],[7.538,5.287],[8.734,5.748],[11.629,4.462],[11.746,4.041],[11.758,3.972],[11.586,2.748],[10.345,1.568],[9.146,1.107],[9.181,0.655],[9.135,-1.115],[9.079,-1.564],[10.253,-2.086],[11.431,-3.328],[11.389,-5.042],[10.147,-6.223],[8.434,-6.18],[7.262,-5.659],[6.965,-6.002],[5.681,-7.222],[5.326,-7.501],[5.785,-8.697]]},"ix":2}},{"ty":"mm","bm":0,"hd":false,"mn":"ADBE Vector Filter - Merge","nm":"Merge Paths 1","mm":1},{"ty":"fl","bm":0,"hd":false,"mn":"ADBE Vector Graphic - Fill","nm":"Fill 1","c":{"a":0,"k":[0,0.8,0.4353],"ix":4},"r":1,"o":{"a":0,"k":100,"ix":5}},{"ty":"tr","a":{"a":0,"k":[0,0],"ix":1},"s":{"a":0,"k":[100,100],"ix":3},"sk":{"a":0,"k":0,"ix":4},"p":{"a":0,"k":[395.265,305.887],"ix":2},"r":{"a":0,"k":0,"ix":6},"sa":{"a":0,"k":0,"ix":5},"o":{"a":0,"k":100,"ix":7}}]},{"ty":"gr","bm":0,"hd":false,"mn":"ADBE Vector Group","nm":"Group 2","ix":2,"cix":2,"np":2,"it":[{"ty":"sh","bm":0,"hd":false,"mn":"ADBE Vector Shape - Group","nm":"Path 1","ix":1,"d":1,"ks":{"a":0,"k":{"c":true,"i":[[0.775,-1.607],[0,0],[0.035,-0.091],[-1.781,-0.685],[-0.686,1.781],[-0.026,0.087],[1.668,0.643]],"o":[[0,0],[-0.041,0.084],[-0.686,1.781],[1.782,0.687],[0.035,-0.091],[0.503,-1.717],[-1.669,-0.641]],"v":[[-3.068,-1.533],[-3.07,-1.529],[-3.185,-1.265],[-1.198,3.208],[3.276,1.222],[3.367,0.953],[1.289,-3.253]]},"ix":2}},{"ty":"fl","bm":0,"hd":false,"mn":"ADBE Vector Graphic - Fill","nm":"Fill 1","c":{"a":0,"k":[0,0.8,0.4353],"ix":4},"r":1,"o":{"a":0,"k":100,"ix":5}},{"ty":"tr","a":{"a":0,"k":[0,0],"ix":1},"s":{"a":0,"k":[100,100],"ix":3},"sk":{"a":0,"k":0,"ix":4},"p":{"a":0,"k":[395.257,305.909],"ix":2},"r":{"a":0,"k":0,"ix":6},"sa":{"a":0,"k":0,"ix":5},"o":{"a":0,"k":100,"ix":7}}]}],"ind":1},{"ty":4,"nm":"2 Outlines","sr":1,"st":0,"op":300,"ip":0,"hd":false,"ddd":0,"bm":0,"hasMask":false,"ao":0,"ks":{"a":{"a":0,"k":[244.911,154.978,0],"ix":1},"s":{"a":0,"k":[215,215,100],"ix":6},"sk":{"a":0,"k":0},"p":{"a":0,"k":[179.06,165.702,0],"ix":2},"r":{"a":1,"k":[{"o":{"x":0.167,"y":0.167},"i":{"x":0.833,"y":0.833},"s":[0],"t":0},{"s":[-360],"t":90}],"ix":10},"sa":{"a":0,"k":0},"o":{"a":0,"k":100,"ix":11}},"ef":[],"shapes":[{"ty":"gr","bm":0,"hd":false,"mn":"ADBE Vector Group","nm":"Group 1","ix":1,"cix":2,"np":4,"it":[{"ty":"sh","bm":0,"hd":false,"mn":"ADBE Vector Shape - Group","nm":"Path 1","ix":1,"d":1,"ks":{"a":0,"k":{"c":true,"i":[[1.658,-1.791],[2.412,-0.198],[0.273,0],[0,5.332],[-5.333,0],[-0.265,-0.023],[-1.649,-1.782],[0,-2.443]],"o":[[-1.648,1.782],[-0.259,0.023],[-5.333,0],[0,-5.332],[0.274,0],[2.403,0.198],[1.658,1.792],[0,2.443]],"v":[[7.099,6.566],[0.803,9.636],[0,9.67],[-9.671,0.001],[0,-9.67],[0.813,-9.636],[7.099,-6.567],[9.67,0.001]]},"ix":2}},{"ty":"sh","bm":0,"hd":false,"mn":"ADBE Vector Shape - Group","nm":"Path 2","ix":2,"d":1,"ks":{"a":0,"k":{"c":true,"i":[[0,1.892],[0.648,0.648],[0.916,0],[0,0],[0,0],[0.426,0.797],[0,0],[0,0],[1.337,1.337],[0.917,0],[0.647,-0.647],[0,0],[0,0],[0.865,0.263],[0,0],[0,0],[1.592,0.323],[0.228,0],[0.648,-0.649],[0,-0.915],[0,0],[0,0],[0.797,-0.426],[0,0],[0,0],[1.338,-1.337],[0,-0.917],[-0.648,-0.648],[0,0],[0,0],[0.263,-0.866],[0,0],[0,0],[0,-1.892],[-0.649,-0.649],[-0.916,0],[0,0],[0,0],[-0.425,-0.797],[0,0],[0,0],[-1.337,-1.338],[-0.917,0],[-0.648,0.648],[0,0],[0,0],[-0.866,-0.264],[0,0],[0,0],[-1.892,0],[-0.22,0.043],[0,0],[-0.458,0.458],[0,0.916],[0,0],[0,0],[-0.797,0.426],[0,0],[0,0],[-0.918,0],[-0.647,0.647],[0,0.917],[0.648,0.648],[0,0],[0,0],[-0.263,0.866],[0,0],[0,0]],"o":[[0,-0.916],[-0.649,-0.649],[0,0],[0,0],[-0.263,-0.866],[0,0],[0,0],[1.338,-1.338],[-0.647,-0.648],[-0.917,0],[0,0],[0,0],[-0.796,-0.426],[0,0],[0,0],[0,-1.625],[-0.225,-0.046],[-0.917,0],[-0.649,0.648],[0,0],[0,0],[-0.866,0.263],[0,0],[0,0],[-1.338,-1.337],[-0.648,0.648],[0,0.917],[0,0],[0,0],[-0.425,0.797],[0,0],[0,0],[-1.892,0],[0,0.916],[0.648,0.648],[0,0],[0,0],[0.263,0.866],[0,0],[0,0],[-1.338,1.337],[0.648,0.648],[0.917,0],[0,0],[0,0],[0.797,0.426],[0,0],[0,0],[0,1.892],[0.222,0],[0,0],[0.626,-0.144],[0.648,-0.649],[0,0],[0,0],[0.865,-0.264],[0,0],[0,0],[0.645,0.646],[0.918,0],[0.648,-0.648],[0,-0.916],[0,0],[0,0],[0.426,-0.797],[0,0],[0,0],[1.892,0]],"v":[[19.029,0.001],[18.023,-2.425],[15.597,-3.432],[13.632,-3.432],[13.43,-4.094],[12.392,-6.601],[12.065,-7.213],[13.454,-8.602],[13.455,-13.455],[11.029,-14.459],[8.603,-13.455],[7.212,-12.064],[6.6,-12.391],[4.095,-13.43],[3.431,-13.632],[3.431,-15.597],[0.683,-18.959],[0,-19.028],[-2.426,-18.023],[-3.432,-15.597],[-3.432,-13.632],[-4.095,-13.43],[-6.601,-12.391],[-7.213,-12.064],[-8.603,-13.455],[-13.456,-13.455],[-14.461,-11.028],[-13.456,-8.602],[-12.066,-7.213],[-12.393,-6.601],[-13.431,-4.094],[-13.633,-3.432],[-15.597,-3.432],[-19.029,0.001],[-18.023,2.426],[-15.597,3.432],[-13.633,3.432],[-13.431,4.094],[-12.393,6.601],[-12.066,7.213],[-13.455,8.604],[-13.456,13.455],[-11.029,14.46],[-8.603,13.455],[-7.213,12.066],[-6.601,12.393],[-4.095,13.432],[-3.432,13.632],[-3.432,15.597],[0,19.028],[0.666,18.963],[0.771,18.941],[2.426,18.023],[3.431,15.597],[3.431,13.632],[4.095,13.432],[6.6,12.393],[7.212,12.066],[8.603,13.456],[11.029,14.459],[13.455,13.455],[14.459,11.028],[13.455,8.602],[12.065,7.213],[12.392,6.601],[13.43,4.094],[13.632,3.432],[15.597,3.432]]},"ix":2}},{"ty":"mm","bm":0,"hd":false,"mn":"ADBE Vector Filter - Merge","nm":"Merge Paths 1","mm":1},{"ty":"fl","bm":0,"hd":false,"mn":"ADBE Vector Graphic - Fill","nm":"Fill 1","c":{"a":0,"k":[0,0.8,0.4353],"ix":4},"r":1,"o":{"a":0,"k":100,"ix":5}},{"ty":"tr","a":{"a":0,"k":[0,0],"ix":1},"s":{"a":0,"k":[100,100],"ix":3},"sk":{"a":0,"k":0,"ix":4},"p":{"a":0,"k":[244.911,154.978],"ix":2},"r":{"a":0,"k":0,"ix":6},"sa":{"a":0,"k":0,"ix":5},"o":{"a":0,"k":100,"ix":7}}]},{"ty":"gr","bm":0,"hd":false,"mn":"ADBE Vector Group","nm":"Group 2","ix":2,"cix":2,"np":2,"it":[{"ty":"sh","bm":0,"hd":false,"mn":"ADBE Vector Shape - Group","nm":"Path 1","ix":1,"d":1,"ks":{"a":0,"k":{"c":true,"i":[[2.724,0.224],[0,0],[0.15,0],[0,-2.924],[-2.924,0],[-0.137,0.013],[0,2.739]],"o":[[0,0],[-0.142,-0.013],[-2.924,0],[0,2.924],[0.15,0],[2.733,-0.224],[0,-2.739]],"v":[[0.445,-5.284],[0.44,-5.284],[0,-5.303],[-5.303,0],[0,5.303],[0.433,5.284],[5.303,0]]},"ix":2}},{"ty":"fl","bm":0,"hd":false,"mn":"ADBE Vector Graphic - Fill","nm":"Fill 1","c":{"a":0,"k":[0,0.8,0.4353],"ix":4},"r":1,"o":{"a":0,"k":100,"ix":5}},{"ty":"tr","a":{"a":0,"k":[0,0],"ix":1},"s":{"a":0,"k":[100,100],"ix":3},"sk":{"a":0,"k":0,"ix":4},"p":{"a":0,"k":[244.911,154.978],"ix":2},"r":{"a":0,"k":0,"ix":6},"sa":{"a":0,"k":0,"ix":5},"o":{"a":0,"k":100,"ix":7}}]}],"ind":2},{"ty":4,"nm":"рука 2","sr":1,"st":0,"op":300,"ip":0,"hd":false,"ddd":0,"bm":0,"hasMask":false,"ao":0,"ks":{"a":{"a":0,"k":[-221.715,95.051,0],"ix":1},"s":{"a":0,"k":[100,100,100],"ix":6},"sk":{"a":0,"k":0},"p":{"a":1,"k":[{"o":{"x":0.333,"y":0},"i":{"x":0.667,"y":1},"s":[180.285,91.051,0],"t":0,"ti":[-0.167,0.333,0],"to":[-0.5,2.333,0]},{"o":{"x":0.333,"y":0},"i":{"x":0.667,"y":1},"s":[177.285,105.051,0],"t":28,"ti":[-0.667,4,0],"to":[0.167,-0.333,0]},{"o":{"x":0.333,"y":0},"i":{"x":0.667,"y":1},"s":[181.285,89.051,0],"t":49,"ti":[0.167,-0.333,0],"to":[0.667,-4,0]},{"o":{"x":0.333,"y":0},"i":{"x":0.667,"y":1},"s":[181.285,81.051,0],"t":67,"ti":[0.167,-1.667,0],"to":[-0.167,0.333,0]},{"s":[180.285,91.051,0],"t":89}],"ix":2},"r":{"a":1,"k":[{"o":{"x":0.333,"y":0},"i":{"x":0.667,"y":1},"s":[190],"t":7},{"o":{"x":0.333,"y":0},"i":{"x":0.667,"y":1.019},"s":[191],"t":28},{"o":{"x":0.333,"y":0.034},"i":{"x":0.667,"y":1},"s":[198.741],"t":45},{"s":[190],"t":79}],"ix":10},"sa":{"a":0,"k":0},"o":{"a":0,"k":100,"ix":11}},"ef":[],"shapes":[{"ty":"gr","bm":0,"hd":false,"mn":"ADBE Vector Group","nm":"Shape 1","ix":1,"cix":2,"np":3,"it":[{"ty":"sh","bm":0,"hd":false,"mn":"ADBE Vector Shape - Group","nm":"Path 1","ix":1,"d":1,"ks":{"a":0,"k":{"c":true,"i":[[4.87,-6.025],[-8,-27],[-10.721,6.14],[-0.455,5.253],[-4,11],[8.822,3.516]],"o":[[-59,73],[4.497,15.177],[8.352,-4.783],[9,-104],[1.863,-5.123],[-10.121,-4.034]],"v":[[-242.5,83.5],[-273,271],[-238.265,285.283],[-229,261],[-201,97],[-210.355,75.636]]},"ix":2}},{"ty":"st","bm":0,"hd":false,"mn":"ADBE Vector Graphic - Stroke","nm":"Stroke 1","lc":1,"lj":1,"ml":4,"o":{"a":0,"k":100,"ix":4},"w":{"a":0,"k":0,"ix":5},"c":{"a":0,"k":[0,0.8,0.4353],"ix":3}},{"ty":"gf","bm":0,"hd":false,"mn":"ADBE Vector Graphic - G-Fill","nm":"Gradient Fill 1","e":{"a":0,"k":[-283.121,160.699],"ix":6},"g":{"p":3,"k":{"a":0,"k":[0,0.9215686274509803,0.9568627450980393,0.9882352941176471,0.655,0.9921568627450981,0.29411764705882354,0.29411764705882354,1,0.9921568627450981,0.29411764705882354,0.29411764705882354],"ix":9}},"t":1,"a":{"a":0,"k":0},"h":{"a":0,"k":0},"s":{"a":0,"k":[-235.688,173.874],"ix":5},"r":1,"o":{"a":0,"k":100,"ix":10}},{"ty":"tr","a":{"a":0,"k":[0,0],"ix":1},"s":{"a":0,"k":[100,100],"ix":3},"sk":{"a":0,"k":0,"ix":4},"p":{"a":0,"k":[0,0],"ix":2},"r":{"a":0,"k":0,"ix":6},"sa":{"a":0,"k":0,"ix":5},"o":{"a":0,"k":100,"ix":7}}]}],"ind":3,"parent":9},{"ty":4,"nm":"рука 1","sr":1,"st":0,"op":300,"ip":0,"hd":false,"ddd":0,"bm":0,"hasMask":false,"ao":0,"ks":{"a":{"a":0,"k":[-223.715,93.051,0],"ix":1},"s":{"a":0,"k":[100,100,100],"ix":6},"sk":{"a":0,"k":0},"p":{"a":1,"k":[{"o":{"x":0.333,"y":0},"i":{"x":0.667,"y":1},"s":[-223.715,93.051,0],"t":3,"ti":[0,0,0],"to":[0,4.333,0]},{"o":{"x":0.333,"y":0},"i":{"x":0.667,"y":1},"s":[-223.715,119.051,0],"t":31,"ti":[0,4.333,0],"to":[0,0,0]},{"o":{"x":0.333,"y":0},"i":{"x":0.667,"y":1},"s":[-223.715,93.051,0],"t":52,"ti":[0,0,0],"to":[0,0,0]},{"o":{"x":0.333,"y":0},"i":{"x":0.667,"y":1},"s":[-223.715,76.051,0],"t":70,"ti":[0,0,0],"to":[0,0,0]},{"s":[-223.715,93.051,0],"t":89}],"ix":2},"r":{"a":1,"k":[{"o":{"x":0.167,"y":0.167},"i":{"x":0.667,"y":1},"s":[0],"t":3},{"o":{"x":0.296,"y":0},"i":{"x":0.665,"y":0.832},"s":[-11],"t":40},{"o":{"x":0.428,"y":-0.7},"i":{"x":0.811,"y":1.256},"s":[3.659],"t":67},{"s":[0],"t":89}],"ix":10},"sa":{"a":0,"k":0},"o":{"a":0,"k":100,"ix":11}},"ef":[],"shapes":[{"ty":"gr","bm":0,"hd":false,"mn":"ADBE Vector Group","nm":"Shape 1","ix":1,"cix":2,"np":3,"it":[{"ty":"sh","bm":0,"hd":false,"mn":"ADBE Vector Shape - Group","nm":"Path 1","ix":1,"d":1,"ks":{"a":0,"k":{"c":true,"i":[[4.87,-6.025],[-8,-27],[-10.721,6.14],[-0.455,5.253],[-4,11],[8.822,3.516]],"o":[[-59,73],[4.497,15.177],[8.352,-4.783],[9,-104],[1.863,-5.123],[-10.121,-4.034]],"v":[[-242.5,83.5],[-273,271],[-238.265,285.283],[-229,261],[-201,97],[-210.355,75.636]]},"ix":2}},{"ty":"st","bm":0,"hd":false,"mn":"ADBE Vector Graphic - Stroke","nm":"Stroke 1","lc":1,"lj":1,"ml":4,"o":{"a":0,"k":100,"ix":4},"w":{"a":0,"k":0,"ix":5},"c":{"a":0,"k":[0,0.8,0.4353],"ix":3}},{"ty":"gf","bm":0,"hd":false,"mn":"ADBE Vector Graphic - G-Fill","nm":"Gradient Fill 1","e":{"a":0,"k":[-227.438,178.621],"ix":6},"g":{"p":3,"k":{"a":0,"k":[0,0.9921568627450981,0.29411764705882354,0.29411764705882354,0.655,0.8666666666666667,0.8823529411764706,0.9019607843137255,1,0.8117647058823529,0.8117647058823529,0.8117647058823529],"ix":9}},"t":1,"a":{"a":0,"k":0},"h":{"a":0,"k":0},"s":{"a":0,"k":[-271.536,175.151],"ix":5},"r":1,"o":{"a":0,"k":100,"ix":10}},{"ty":"tr","a":{"a":0,"k":[0,0],"ix":1},"s":{"a":0,"k":[100,100],"ix":3},"sk":{"a":0,"k":0,"ix":4},"p":{"a":0,"k":[0,0],"ix":2},"r":{"a":0,"k":0,"ix":6},"sa":{"a":0,"k":0,"ix":5},"o":{"a":0,"k":100,"ix":7}}]}],"ind":4,"parent":9},{"ty":4,"nm":"глаз 2","sr":1,"st":0,"op":300,"ip":0,"hd":false,"ddd":0,"bm":0,"hasMask":false,"ao":0,"ks":{"a":{"a":0,"k":[-158,-120.5,0],"ix":1},"s":{"a":1,"k":[{"o":{"x":0.167,"y":0},"i":{"x":0.667,"y":1},"s":[100,100,100],"t":36},{"o":{"x":0.333,"y":0},"i":{"x":0.833,"y":1},"s":[100,0,100],"t":41},{"s":[100,100,100],"t":46}],"ix":6},"sk":{"a":0,"k":0},"p":{"a":0,"k":[120,-120.5,0],"ix":2},"r":{"a":0,"k":0,"ix":10},"sa":{"a":0,"k":0},"o":{"a":0,"k":100,"ix":11}},"ef":[],"shapes":[{"ty":"gr","bm":0,"hd":false,"mn":"ADBE Vector Group","nm":"Rectangle 1","ix":1,"cix":2,"np":3,"it":[{"ty":"rc","bm":0,"hd":false,"mn":"ADBE Vector Shape - Rect","nm":"Rectangle Path 1","d":1,"p":{"a":0,"k":[0,0],"ix":3},"r":{"a":0,"k":20,"ix":4},"s":{"a":0,"k":[36,93],"ix":2}},{"ty":"st","bm":0,"hd":false,"mn":"ADBE Vector Graphic - Stroke","nm":"Stroke 1","lc":1,"lj":1,"ml":4,"o":{"a":0,"k":100,"ix":4},"w":{"a":0,"k":0,"ix":5},"c":{"a":0,"k":[0,0.8,0.4353],"ix":3}},{"ty":"fl","bm":0,"hd":false,"mn":"ADBE Vector Graphic - Fill","nm":"Fill 1","c":{"a":0,"k":[0.2902,0.5647,0.8863],"ix":4},"r":1,"o":{"a":0,"k":100,"ix":5}},{"ty":"tr","a":{"a":0,"k":[0,0],"ix":1},"s":{"a":0,"k":[100,100],"ix":3},"sk":{"a":0,"k":0,"ix":4},"p":{"a":0,"k":[-158,-120.5],"ix":2},"r":{"a":0,"k":0,"ix":6},"sa":{"a":0,"k":0,"ix":5},"o":{"a":0,"k":100,"ix":7}}]}],"ind":5,"parent":7},{"ty":4,"nm":"глаз 1","sr":1,"st":0,"op":300,"ip":0,"hd":false,"ddd":0,"bm":0,"hasMask":false,"ao":0,"ks":{"a":{"a":0,"k":[-158,-120.5,0],"ix":1},"s":{"a":1,"k":[{"o":{"x":0.167,"y":0},"i":{"x":0.667,"y":1},"s":[100,100,100],"t":36},{"o":{"x":0.333,"y":0},"i":{"x":0.833,"y":1},"s":[100,0,100],"t":41},{"s":[100,100,100],"t":46}],"ix":6},"sk":{"a":0,"k":0},"p":{"a":0,"k":[-158,-120.5,0],"ix":2},"r":{"a":0,"k":0,"ix":10},"sa":{"a":0,"k":0},"o":{"a":0,"k":100,"ix":11}},"ef":[],"shapes":[{"ty":"gr","bm":0,"hd":false,"mn":"ADBE Vector Group","nm":"Rectangle 1","ix":1,"cix":2,"np":3,"it":[{"ty":"rc","bm":0,"hd":false,"mn":"ADBE Vector Shape - Rect","nm":"Rectangle Path 1","d":1,"p":{"a":0,"k":[0,0],"ix":3},"r":{"a":0,"k":20,"ix":4},"s":{"a":0,"k":[36,93],"ix":2}},{"ty":"st","bm":0,"hd":false,"mn":"ADBE Vector Graphic - Stroke","nm":"Stroke 1","lc":1,"lj":1,"ml":4,"o":{"a":0,"k":100,"ix":4},"w":{"a":0,"k":0,"ix":5},"c":{"a":0,"k":[0,0.8,0.4353],"ix":3}},{"ty":"fl","bm":0,"hd":false,"mn":"ADBE Vector Graphic - Fill","nm":"Fill 1","c":{"a":0,"k":[0.2902,0.5647,0.8863],"ix":4},"r":1,"o":{"a":0,"k":100,"ix":5}},{"ty":"tr","a":{"a":0,"k":[0,0],"ix":1},"s":{"a":0,"k":[100,100],"ix":3},"sk":{"a":0,"k":0,"ix":4},"p":{"a":0,"k":[-158,-120.5],"ix":2},"r":{"a":0,"k":0,"ix":6},"sa":{"a":0,"k":0,"ix":5},"o":{"a":0,"k":100,"ix":7}}]}],"ind":6,"parent":7},{"ty":4,"nm":"экран","sr":1,"st":0,"op":300,"ip":0,"hd":false,"ddd":0,"bm":0,"hasMask":false,"ao":0,"ks":{"a":{"a":0,"k":[-16.492,-119,0],"ix":1},"s":{"a":0,"k":[100,100,100],"ix":6},"sk":{"a":0,"k":0},"p":{"a":1,"k":[{"o":{"x":0.333,"y":0},"i":{"x":0.667,"y":1},"s":[-16.492,-119,0],"t":7,"ti":[-6.794,3.569,0],"to":[6.794,-3.569,0]},{"o":{"x":0.333,"y":0.333},"i":{"x":0.667,"y":0.667},"s":[24.269,-140.413,0],"t":45,"ti":[0,0,0],"to":[0,0,0]},{"o":{"x":0.333,"y":0},"i":{"x":0.667,"y":1},"s":[24.269,-140.413,0],"t":53,"ti":[6.794,-3.569,0],"to":[-6.794,3.569,0]},{"s":[-16.492,-119,0],"t":79}],"ix":2},"r":{"a":0,"k":0,"ix":10},"sa":{"a":0,"k":0},"o":{"a":0,"k":100,"ix":11}},"ef":[],"shapes":[{"ty":"gr","bm":0,"hd":false,"mn":"ADBE Vector Group","nm":"Shape 2","ix":1,"cix":2,"np":3,"it":[{"ty":"sh","bm":0,"hd":false,"mn":"ADBE Vector Shape - Group","nm":"Path 1","ix":1,"d":1,"ks":{"a":1,"k":[{"o":{"x":0.167,"y":0.167},"i":{"x":0.667,"y":1},"s":[{"c":true,"i":[[0,0.5],[80.5,-54],[0,0],[-3,82.5],[43.5,1]],"o":[[-1.383,5.531],[0,0],[0,0],[1.508,-41.476],[-43.5,-1]],"v":[[9,-199.75],[-65,-40.5],[158,-40.5],[210,-121],[152.25,-199.5]]}],"t":7},{"o":{"x":0.333,"y":0},"i":{"x":0.667,"y":1},"s":[{"c":true,"i":[[0,0.5],[80.5,-54],[0,0],[-3,82.5],[43.5,1]],"o":[[-1.383,5.531],[0,0],[0,0],[1.508,-41.476],[-43.5,-1]],"v":[[31.083,-199.182],[-42.917,-39.932],[158,-40.5],[210,-121],[152.25,-199.5]]}],"t":45},{"o":{"x":0.333,"y":0},"i":{"x":0.833,"y":0.833},"s":[{"c":true,"i":[[0,0.5],[80.5,-54],[0,0],[-3,82.5],[43.5,1]],"o":[[-1.383,5.531],[0,0],[0,0],[1.508,-41.476],[-43.5,-1]],"v":[[31.083,-199.182],[-42.917,-39.932],[158,-40.5],[210,-121],[152.25,-199.5]]}],"t":53},{"s":[{"c":true,"i":[[0,0.5],[80.5,-54],[0,0],[-3,82.5],[43.5,1]],"o":[[-1.383,5.531],[0,0],[0,0],[1.508,-41.476],[-43.5,-1]],"v":[[9,-199.75],[-65,-40.5],[158,-40.5],[210,-121],[152.25,-199.5]]}],"t":79}],"ix":2}},{"ty":"st","bm":0,"hd":false,"mn":"ADBE Vector Graphic - Stroke","nm":"Stroke 1","lc":1,"lj":1,"ml":4,"o":{"a":0,"k":100,"ix":4},"w":{"a":0,"k":0,"ix":5},"c":{"a":0,"k":[0,0.8,0.4353],"ix":3}},{"ty":"fl","bm":0,"hd":false,"mn":"ADBE Vector Graphic - Fill","nm":"Fill 1","c":{"a":0,"k":[0.2275,0.2275,0.2275],"ix":4},"r":1,"o":{"a":0,"k":100,"ix":5}},{"ty":"tr","a":{"a":0,"k":[0,0],"ix":1},"s":{"a":0,"k":[100,100],"ix":3},"sk":{"a":0,"k":0,"ix":4},"p":{"a":0,"k":[0,0],"ix":2},"r":{"a":0,"k":0,"ix":6},"sa":{"a":0,"k":0,"ix":5},"o":{"a":0,"k":100,"ix":7}}]},{"ty":"gr","bm":0,"hd":false,"mn":"ADBE Vector Group","nm":"Rectangle 1","ix":2,"cix":2,"np":3,"it":[{"ty":"rc","bm":0,"hd":false,"mn":"ADBE Vector Shape - Rect","nm":"Rectangle Path 1","d":1,"p":{"a":0,"k":[0,0],"ix":3},"r":{"a":0,"k":64,"ix":4},"s":{"a":0,"k":[441,162],"ix":2}},{"ty":"st","bm":0,"hd":false,"mn":"ADBE Vector Graphic - Stroke","nm":"Stroke 1","lc":1,"lj":1,"ml":4,"o":{"a":0,"k":100,"ix":4},"w":{"a":0,"k":0,"ix":5},"c":{"a":0,"k":[0,0.8,0.4353],"ix":3}},{"ty":"fl","bm":0,"hd":false,"mn":"ADBE Vector Graphic - Fill","nm":"Fill 1","c":{"a":0,"k":[0.1333,0.1333,0.1333],"ix":4},"r":1,"o":{"a":0,"k":100,"ix":5}},{"ty":"tr","a":{"a":0,"k":[0,0],"ix":1},"s":{"a":0,"k":[102.759,100],"ix":3},"sk":{"a":0,"k":0,"ix":4},"p":{"a":0,"k":[-16.5,-119],"ix":2},"r":{"a":0,"k":0,"ix":6},"sa":{"a":0,"k":0,"ix":5},"o":{"a":0,"k":100,"ix":7}}]}],"ind":7,"parent":8},{"ty":4,"nm":"голова","sr":1,"st":0,"op":300,"ip":0,"hd":false,"ddd":0,"bm":0,"hasMask":false,"ao":0,"ks":{"a":{"a":0,"k":[-19.719,9.59,0],"ix":1},"s":{"a":0,"k":[100,100,100],"ix":6},"sk":{"a":0,"k":0},"p":{"a":1,"k":[{"o":{"x":0.333,"y":0},"i":{"x":0.667,"y":1},"s":[-19.719,9.59,0],"t":7,"ti":[0,0,0],"to":[0,0,0]},{"o":{"x":0.333,"y":0.333},"i":{"x":0.667,"y":0.667},"s":[-19.719,45.59,0],"t":47,"ti":[0,0,0],"to":[0,0,0]},{"o":{"x":0.333,"y":0},"i":{"x":0.667,"y":1},"s":[-19.719,45.59,0],"t":53,"ti":[0,0,0],"to":[0,0,0]},{"s":[-19.719,9.59,0],"t":79}],"ix":2},"r":{"a":1,"k":[{"o":{"x":0.333,"y":0},"i":{"x":0.667,"y":1},"s":[0],"t":7},{"o":{"x":0.333,"y":0},"i":{"x":0.667,"y":1},"s":[-9],"t":28},{"s":[0],"t":79}],"ix":10},"sa":{"a":0,"k":0},"o":{"a":0,"k":100,"ix":11}},"ef":[],"shapes":[{"ty":"gr","bm":0,"hd":false,"mn":"ADBE Vector Group","nm":"Shape 1","ix":3,"cix":2,"np":3,"it":[{"ty":"sh","bm":0,"hd":false,"mn":"ADBE Vector Shape - Group","nm":"Path 1","ix":1,"d":1,"ks":{"a":0,"k":{"c":true,"i":[[42.021,64.812],[78,-156],[-182,-20],[0,0],[-35.843,52.428]],"o":[[-118,-182],[-28.425,56.851],[34.319,3.771],[0,0],[26.995,-39.487]],"v":[[242,-226],[-284,-218],[-178,14],[140,16],[250.406,-40.457]]},"ix":2}},{"ty":"st","bm":0,"hd":false,"mn":"ADBE Vector Graphic - Stroke","nm":"Stroke 1","lc":1,"lj":1,"ml":4,"o":{"a":0,"k":100,"ix":4},"w":{"a":0,"k":0,"ix":5},"c":{"a":0,"k":[0,0.8,0.4353],"ix":3}},{"ty":"gf","bm":0,"hd":false,"mn":"ADBE Vector Graphic - G-Fill","nm":"Gradient Fill 1","e":{"a":0,"k":[198,-58],"ix":6},"g":{"p":3,"k":{"a":0,"k":[0,0.9921568627450981,0.29411764705882354,0.29411764705882354,0.655,0.8666666666666667,0.8823529411764706,0.9019607843137255,1,0.9921568627450981,0.29411764705882354,0.29411764705882354],"ix":9}},"t":1,"a":{"a":0,"k":0},"h":{"a":0,"k":0},"s":{"a":0,"k":[-296,-60],"ix":5},"r":1,"o":{"a":0,"k":100,"ix":10}},{"ty":"tr","a":{"a":0,"k":[0,0],"ix":1},"s":{"a":0,"k":[100,100],"ix":3},"sk":{"a":0,"k":0,"ix":4},"p":{"a":0,"k":[0,0],"ix":2},"r":{"a":0,"k":0,"ix":6},"sa":{"a":0,"k":0,"ix":5},"o":{"a":0,"k":100,"ix":7}}]}],"ind":8,"parent":9},{"ty":4,"nm":"тело","sr":1,"st":0,"op":300,"ip":0,"hd":false,"ddd":0,"bm":0,"hasMask":false,"ao":0,"ks":{"a":{"a":0,"k":[-20.704,175.322,0],"ix":1},"s":{"a":0,"k":[100,100,100],"ix":6},"sk":{"a":0,"k":0},"p":{"a":1,"k":[{"o":{"x":0.333,"y":0},"i":{"x":0.667,"y":1},"s":[519.296,715.322,0],"t":0,"ti":[0,0,0],"to":[0,0,0]},{"o":{"x":0.333,"y":0},"i":{"x":0.667,"y":1},"s":[519.296,635.322,0],"t":45,"ti":[0,0,0],"to":[0,0,0]},{"s":[519.296,715.322,0],"t":90}],"ix":2},"r":{"a":0,"k":0,"ix":10},"sa":{"a":0,"k":0},"o":{"a":0,"k":100,"ix":11}},"ef":[],"shapes":[{"ty":"gr","bm":0,"hd":false,"mn":"ADBE Vector Group","nm":"Ellipse 1","ix":1,"cix":2,"np":3,"it":[{"ty":"el","bm":0,"hd":false,"mn":"ADBE Vector Shape - Ellipse","nm":"Ellipse Path 1","d":1,"p":{"a":0,"k":[0,0],"ix":3},"s":{"a":0,"k":[227,65],"ix":2}},{"ty":"st","bm":0,"hd":false,"mn":"ADBE Vector Graphic - Stroke","nm":"Stroke 1","lc":1,"lj":1,"ml":4,"o":{"a":0,"k":100,"ix":4},"w":{"a":0,"k":1,"ix":5},"c":{"a":0,"k":[0.5765,0.5765,0.5765],"ix":3}},{"ty":"fl","bm":0,"hd":false,"mn":"ADBE Vector Graphic - Fill","nm":"Fill 1","c":{"a":0,"k":[0.8196,0.8196,0.8196],"ix":4},"r":1,"o":{"a":0,"k":100,"ix":5}},{"ty":"tr","a":{"a":0,"k":[0,0],"ix":1},"s":{"a":0,"k":[100,100],"ix":3},"sk":{"a":0,"k":0,"ix":4},"p":{"a":0,"k":[-23.5,68.5],"ix":2},"r":{"a":0,"k":0,"ix":6},"sa":{"a":0,"k":0,"ix":5},"o":{"a":0,"k":100,"ix":7}}]},{"ty":"gr","bm":0,"hd":false,"mn":"ADBE Vector Group","nm":"Shape 1","ix":2,"cix":2,"np":3,"it":[{"ty":"sh","bm":0,"hd":false,"mn":"ADBE Vector Shape - Group","nm":"Path 1","ix":1,"d":1,"ks":{"a":0,"k":{"c":true,"i":[[51,0],[15.678,-82.948],[-49.731,-49.359],[-13.15,-0.292],[-37.729,38.101],[10.258,44.845]],"o":[[-12.374,0],[-8.179,43.273],[38.555,38.266],[13.544,0.301],[45.84,-46.291],[-15.181,-66.366]],"v":[[-27,31],[-179.678,102.948],[-132.269,283.359],[-25,320],[91.483,284.497],[137.742,101.155]]},"ix":2}},{"ty":"st","bm":0,"hd":false,"mn":"ADBE Vector Graphic - Stroke","nm":"Stroke 1","lc":1,"lj":1,"ml":4,"o":{"a":0,"k":100,"ix":4},"w":{"a":0,"k":0,"ix":5},"c":{"a":0,"k":[0,0.8,0.4353],"ix":3}},{"ty":"gf","bm":0,"hd":false,"mn":"ADBE Vector Graphic - G-Fill","nm":"Gradient Fill 1","e":{"a":0,"k":[86,146],"ix":6},"g":{"p":3,"k":{"a":0,"k":[0,0.9921568627450981,0.29411764705882354,0.29411764705882354,0.655,0.8666666666666667,0.8823529411764706,0.9019607843137255,1,0.9921568627450981,0.29411764705882354,0.29411764705882354],"ix":9}},"t":1,"a":{"a":0,"k":0},"h":{"a":0,"k":0},"s":{"a":0,"k":[-166,148],"ix":5},"r":1,"o":{"a":0,"k":100,"ix":10}},{"ty":"tr","a":{"a":0,"k":[0,0],"ix":1},"s":{"a":0,"k":[100,100],"ix":3},"sk":{"a":0,"k":0,"ix":4},"p":{"a":0,"k":[0,0],"ix":2},"r":{"a":0,"k":0,"ix":6},"sa":{"a":0,"k":0,"ix":5},"o":{"a":0,"k":100,"ix":7}}]}],"ind":9},{"ty":4,"nm":"ухо 2","sr":1,"st":0,"op":300,"ip":0,"hd":false,"ddd":0,"bm":0,"hasMask":false,"ao":0,"ks":{"a":{"a":0,"k":[-305.5,-118,0],"ix":1},"s":{"a":0,"k":[100,100,100],"ix":6},"sk":{"a":0,"k":0},"p":{"a":1,"k":[{"o":{"x":0.333,"y":0},"i":{"x":0.667,"y":1},"s":[263.5,-118,0],"t":7,"ti":[0,0,0],"to":[0,0,0]},{"o":{"x":0.333,"y":0},"i":{"x":0.667,"y":1},"s":[247.381,-117.593,0],"t":49,"ti":[0,0,0],"to":[0,0,0]},{"s":[263.5,-118,0],"t":79}],"ix":2},"r":{"a":0,"k":0,"ix":10},"sa":{"a":0,"k":0},"o":{"a":0,"k":100,"ix":11}},"ef":[],"shapes":[{"ty":"gr","bm":0,"hd":false,"mn":"ADBE Vector Group","nm":"Ellipse 1","ix":1,"cix":2,"np":3,"it":[{"ty":"el","bm":0,"hd":false,"mn":"ADBE Vector Shape - Ellipse","nm":"Ellipse Path 1","d":1,"p":{"a":0,"k":[0,0],"ix":3},"s":{"a":0,"k":[111,138],"ix":2}},{"ty":"st","bm":0,"hd":false,"mn":"ADBE Vector Graphic - Stroke","nm":"Stroke 1","lc":1,"lj":1,"ml":4,"o":{"a":0,"k":100,"ix":4},"w":{"a":0,"k":0,"ix":5},"c":{"a":0,"k":[0,0.8,0.4353],"ix":3}},{"ty":"fl","bm":0,"hd":false,"mn":"ADBE Vector Graphic - Fill","nm":"Fill 1","c":{"a":0,"k":[0.9922,0.2941,0.2941],"ix":4},"r":1,"o":{"a":0,"k":100,"ix":5}},{"ty":"tr","a":{"a":0,"k":[0,0],"ix":1},"s":{"a":0,"k":[100,100],"ix":3},"sk":{"a":0,"k":0,"ix":4},"p":{"a":0,"k":[-305.5,-118],"ix":2},"r":{"a":0,"k":0,"ix":6},"sa":{"a":0,"k":0,"ix":5},"o":{"a":0,"k":100,"ix":7}}]}],"ind":10,"parent":8},{"ty":4,"nm":"ухо 1","sr":1,"st":0,"op":300,"ip":0,"hd":false,"ddd":0,"bm":0,"hasMask":false,"ao":0,"ks":{"a":{"a":0,"k":[-305.5,-118,0],"ix":1},"s":{"a":0,"k":[100,100,100],"ix":6},"sk":{"a":0,"k":0},"p":{"a":1,"k":[{"o":{"x":0.333,"y":0},"i":{"x":0.667,"y":1},"s":[-305.5,-118,0],"t":7,"ti":[0,0,0],"to":[0,0,0]},{"o":{"x":0.333,"y":0},"i":{"x":0.667,"y":1},"s":[-321.619,-117.593,0],"t":49,"ti":[0,0,0],"to":[0,0,0]},{"s":[-305.5,-118,0],"t":79}],"ix":2},"r":{"a":0,"k":0,"ix":10},"sa":{"a":0,"k":0},"o":{"a":0,"k":100,"ix":11}},"ef":[],"shapes":[{"ty":"gr","bm":0,"hd":false,"mn":"ADBE Vector Group","nm":"Ellipse 1","ix":1,"cix":2,"np":3,"it":[{"ty":"el","bm":0,"hd":false,"mn":"ADBE Vector Shape - Ellipse","nm":"Ellipse Path 1","d":1,"p":{"a":0,"k":[0,0],"ix":3},"s":{"a":0,"k":[111,138],"ix":2}},{"ty":"st","bm":0,"hd":false,"mn":"ADBE Vector Graphic - Stroke","nm":"Stroke 1","lc":1,"lj":1,"ml":4,"o":{"a":0,"k":100,"ix":4},"w":{"a":0,"k":0,"ix":5},"c":{"a":0,"k":[0,0.8,0.4353],"ix":3}},{"ty":"fl","bm":0,"hd":false,"mn":"ADBE Vector Graphic - Fill","nm":"Fill 1","c":{"a":0,"k":[0.9922,0.2941,0.2941],"ix":4},"r":1,"o":{"a":0,"k":100,"ix":5}},{"ty":"tr","a":{"a":0,"k":[0,0],"ix":1},"s":{"a":0,"k":[100,100],"ix":3},"sk":{"a":0,"k":0,"ix":4},"p":{"a":0,"k":[-305.5,-118],"ix":2},"r":{"a":0,"k":0,"ix":6},"sa":{"a":0,"k":0,"ix":5},"o":{"a":0,"k":100,"ix":7}}]}],"ind":11,"parent":8},{"ty":4,"nm":"3 Outlines","sr":1,"st":0,"op":300,"ip":0,"hd":false,"ddd":0,"bm":0,"hasMask":false,"ao":0,"ks":{"a":{"a":0,"k":[253.546,203.205,0],"ix":1},"s":{"a":0,"k":[215,215,100],"ix":6},"sk":{"a":0,"k":0},"p":{"a":0,"k":[547.624,439.39,0],"ix":2},"r":{"a":0,"k":0,"ix":10},"sa":{"a":0,"k":0},"o":{"a":0,"k":100,"ix":11}},"ef":[],"shapes":[{"ty":"gr","bm":0,"hd":false,"mn":"ADBE Vector Group","nm":"Group 1","ix":1,"cix":2,"np":2,"it":[{"ty":"sh","bm":0,"hd":false,"mn":"ADBE Vector Shape - Group","nm":"Path 1","ix":1,"d":1,"ks":{"a":0,"k":{"c":true,"i":[[0,-1.09],[1.09,0],[0,1.09],[-1.09,0]],"o":[[0,1.09],[-1.09,0],[0,-1.09],[1.09,0]],"v":[[1.974,0],[0,1.974],[-1.974,0],[0,-1.974]]},"ix":2}},{"ty":"st","bm":0,"hd":false,"mn":"ADBE Vector Graphic - Stroke","nm":"Stroke 1","lc":1,"lj":1,"ml":10,"o":{"a":0,"k":100,"ix":4},"w":{"a":0,"k":1.9,"ix":5},"c":{"a":0,"k":[0,0.8,0.4353],"ix":3}},{"ty":"tr","a":{"a":0,"k":[0,0],"ix":1},"s":{"a":0,"k":[100,100],"ix":3},"sk":{"a":0,"k":0,"ix":4},"p":{"a":0,"k":[204.75,95.422],"ix":2},"r":{"a":0,"k":0,"ix":6},"sa":{"a":0,"k":0,"ix":5},"o":{"a":0,"k":100,"ix":7}}]},{"ty":"gr","bm":0,"hd":false,"mn":"ADBE Vector Group","nm":"Group 2","ix":2,"cix":2,"np":2,"it":[{"ty":"sh","bm":0,"hd":false,"mn":"ADBE Vector Shape - Group","nm":"Path 1","ix":1,"d":1,"ks":{"a":0,"k":{"c":true,"i":[[0,-1.09],[1.09,0],[0,1.09],[-1.09,0]],"o":[[0,1.09],[-1.09,0],[0,-1.09],[1.09,0]],"v":[[1.974,0],[0,1.974],[-1.974,0],[0,-1.974]]},"ix":2}},{"ty":"st","bm":0,"hd":false,"mn":"ADBE Vector Graphic - Stroke","nm":"Stroke 1","lc":1,"lj":1,"ml":10,"o":{"a":0,"k":100,"ix":4},"w":{"a":0,"k":1.9,"ix":5},"c":{"a":0,"k":[0,0.8,0.4353],"ix":3}},{"ty":"tr","a":{"a":0,"k":[0,0],"ix":1},"s":{"a":0,"k":[100,100],"ix":3},"sk":{"a":0,"k":0,"ix":4},"p":{"a":0,"k":[395.098,161.239],"ix":2},"r":{"a":0,"k":0,"ix":6},"sa":{"a":0,"k":0,"ix":5},"o":{"a":0,"k":100,"ix":7}}]},{"ty":"gr","bm":0,"hd":false,"mn":"ADBE Vector Group","nm":"Group 4","ix":4,"cix":2,"np":2,"it":[{"ty":"sh","bm":0,"hd":false,"mn":"ADBE Vector Shape - Group","nm":"Path 1","ix":1,"d":1,"ks":{"a":0,"k":{"c":true,"i":[[0,-4.291],[4.291,0],[0,4.29],[-4.29,0]],"o":[[0,4.29],[-4.29,0],[0,-4.291],[4.291,0]],"v":[[7.769,0],[-0.001,7.768],[-7.769,0],[-0.001,-7.768]]},"ix":2}},{"ty":"st","bm":0,"hd":false,"mn":"ADBE Vector Graphic - Stroke","nm":"Stroke 1","lc":1,"lj":1,"ml":10,"o":{"a":0,"k":100,"ix":4},"w":{"a":0,"k":2.146,"ix":5},"c":{"a":0,"k":[0,0.8,0.4353],"ix":3}},{"ty":"tr","a":{"a":0,"k":[0,0],"ix":1},"s":{"a":1,"k":[{"o":{"x":0.167,"y":0.167},"i":{"x":0.667,"y":1},"s":[100,100],"t":0},{"o":{"x":0.333,"y":0},"i":{"x":0.833,"y":0.833},"s":[128,128],"t":30},{"s":[100,100],"t":90}],"ix":3},"sk":{"a":0,"k":0,"ix":4},"p":{"a":0,"k":[49.876,185.819],"ix":2},"r":{"a":0,"k":0,"ix":6},"sa":{"a":0,"k":0,"ix":5},"o":{"a":0,"k":100,"ix":7}}]},{"ty":"gr","bm":0,"hd":false,"mn":"ADBE Vector Group","nm":"Group 5","ix":5,"cix":2,"np":2,"it":[{"ty":"sh","bm":0,"hd":false,"mn":"ADBE Vector Shape - Group","nm":"Path 1","ix":1,"d":1,"ks":{"a":0,"k":{"c":false,"i":[[0,0],[0,0]],"o":[[0,0],[0,0]],"v":[[4.752,-4.752],[-4.752,4.752]]},"ix":2}},{"ty":"st","bm":0,"hd":false,"mn":"ADBE Vector Graphic - Stroke","nm":"Stroke 1","lc":1,"lj":1,"ml":10,"o":{"a":0,"k":100,"ix":4},"w":{"a":0,"k":1.9,"ix":5},"c":{"a":0,"k":[0,0.8,0.4353],"ix":3}},{"ty":"tr","a":{"a":0,"k":[0,0],"ix":1},"s":{"a":0,"k":[100,100],"ix":3},"sk":{"a":0,"k":0,"ix":4},"p":{"a":0,"k":[67.624,269.367],"ix":2},"r":{"a":1,"k":[{"o":{"x":0.167,"y":0.167},"i":{"x":0.833,"y":0.833},"s":[0],"t":0},{"s":[360],"t":90}],"ix":6},"sa":{"a":0,"k":0,"ix":5},"o":{"a":0,"k":100,"ix":7}}]},{"ty":"gr","bm":0,"hd":false,"mn":"ADBE Vector Group","nm":"Group 6","ix":6,"cix":2,"np":2,"it":[{"ty":"sh","bm":0,"hd":false,"mn":"ADBE Vector Shape - Group","nm":"Path 1","ix":1,"d":1,"ks":{"a":0,"k":{"c":false,"i":[[0,0],[0,0]],"o":[[0,0],[0,0]],"v":[[-4.752,-4.752],[4.752,4.752]]},"ix":2}},{"ty":"st","bm":0,"hd":false,"mn":"ADBE Vector Graphic - Stroke","nm":"Stroke 1","lc":1,"lj":1,"ml":10,"o":{"a":0,"k":100,"ix":4},"w":{"a":0,"k":1.9,"ix":5},"c":{"a":0,"k":[0,0.8,0.4353],"ix":3}},{"ty":"tr","a":{"a":0,"k":[0,0],"ix":1},"s":{"a":0,"k":[100,100],"ix":3},"sk":{"a":0,"k":0,"ix":4},"p":{"a":0,"k":[67.432,269.367],"ix":2},"r":{"a":1,"k":[{"o":{"x":0.167,"y":0.167},"i":{"x":0.833,"y":0.833},"s":[0],"t":0},{"s":[360],"t":90}],"ix":6},"sa":{"a":0,"k":0,"ix":5},"o":{"a":0,"k":100,"ix":7}}]},{"ty":"gr","bm":0,"hd":false,"mn":"ADBE Vector Group","nm":"Group 7","ix":7,"cix":2,"np":2,"it":[{"ty":"sh","bm":0,"hd":false,"mn":"ADBE Vector Shape - Group","nm":"Path 1","ix":1,"d":1,"ks":{"a":0,"k":{"c":false,"i":[[0,0],[0,0]],"o":[[0,0],[0,0]],"v":[[5.366,-5.367],[-5.366,5.367]]},"ix":2}},{"ty":"st","bm":0,"hd":false,"mn":"ADBE Vector Graphic - Stroke","nm":"Stroke 1","lc":1,"lj":1,"ml":10,"o":{"a":0,"k":100,"ix":4},"w":{"a":0,"k":2.146,"ix":5},"c":{"a":0,"k":[0,0.8,0.4353],"ix":3}},{"ty":"tr","a":{"a":0,"k":[0,0],"ix":1},"s":{"a":0,"k":[100,100],"ix":3},"sk":{"a":0,"k":0,"ix":4},"p":{"a":0,"k":[392.177,331.78],"ix":2},"r":{"a":1,"k":[{"o":{"x":0.167,"y":0.167},"i":{"x":0.833,"y":0.833},"s":[0],"t":0},{"s":[-360],"t":90}],"ix":6},"sa":{"a":0,"k":0,"ix":5},"o":{"a":0,"k":100,"ix":7}}]},{"ty":"gr","bm":0,"hd":false,"mn":"ADBE Vector Group","nm":"Group 8","ix":8,"cix":2,"np":2,"it":[{"ty":"sh","bm":0,"hd":false,"mn":"ADBE Vector Shape - Group","nm":"Path 1","ix":1,"d":1,"ks":{"a":0,"k":{"c":false,"i":[[0,0],[0,0]],"o":[[0,0],[0,0]],"v":[[-5.366,-5.367],[5.366,5.367]]},"ix":2}},{"ty":"st","bm":0,"hd":false,"mn":"ADBE Vector Graphic - Stroke","nm":"Stroke 1","lc":1,"lj":1,"ml":10,"o":{"a":0,"k":100,"ix":4},"w":{"a":0,"k":2.146,"ix":5},"c":{"a":0,"k":[0,0.8,0.4353],"ix":3}},{"ty":"tr","a":{"a":0,"k":[0,0],"ix":1},"s":{"a":0,"k":[100,100],"ix":3},"sk":{"a":0,"k":0,"ix":4},"p":{"a":0,"k":[391.961,331.78],"ix":2},"r":{"a":1,"k":[{"o":{"x":0.167,"y":0.167},"i":{"x":0.833,"y":0.833},"s":[0],"t":0},{"s":[-360],"t":90}],"ix":6},"sa":{"a":0,"k":0,"ix":5},"o":{"a":0,"k":100,"ix":7}}]},{"ty":"gr","bm":0,"hd":false,"mn":"ADBE Vector Group","nm":"Group 9","ix":9,"cix":2,"np":2,"it":[{"ty":"sh","bm":0,"hd":false,"mn":"ADBE Vector Shape - Group","nm":"Path 1","ix":1,"d":1,"ks":{"a":0,"k":{"c":false,"i":[[0,0],[0,0]],"o":[[0,0],[0,0]],"v":[[5.367,-5.367],[-5.367,5.367]]},"ix":2}},{"ty":"st","bm":0,"hd":false,"mn":"ADBE Vector Graphic - Stroke","nm":"Stroke 1","lc":1,"lj":1,"ml":10,"o":{"a":0,"k":100,"ix":4},"w":{"a":0,"k":2.146,"ix":5},"c":{"a":0,"k":[0,0.8,0.4353],"ix":3}},{"ty":"tr","a":{"a":0,"k":[0,0],"ix":1},"s":{"a":0,"k":[100,100],"ix":3},"sk":{"a":0,"k":0,"ix":4},"p":{"a":0,"k":[98.548,146.609],"ix":2},"r":{"a":1,"k":[{"o":{"x":0.167,"y":0.167},"i":{"x":0.833,"y":0.833},"s":[0],"t":0},{"s":[-360],"t":90}],"ix":6},"sa":{"a":0,"k":0,"ix":5},"o":{"a":0,"k":100,"ix":7}}]},{"ty":"gr","bm":0,"hd":false,"mn":"ADBE Vector Group","nm":"Group 10","ix":10,"cix":2,"np":2,"it":[{"ty":"sh","bm":0,"hd":false,"mn":"ADBE Vector Shape - Group","nm":"Path 1","ix":1,"d":1,"ks":{"a":0,"k":{"c":false,"i":[[0,0],[0,0]],"o":[[0,0],[0,0]],"v":[[-5.367,-5.367],[5.367,5.367]]},"ix":2}},{"ty":"st","bm":0,"hd":false,"mn":"ADBE Vector Graphic - Stroke","nm":"Stroke 1","lc":1,"lj":1,"ml":10,"o":{"a":0,"k":100,"ix":4},"w":{"a":0,"k":2.146,"ix":5},"c":{"a":0,"k":[0,0.8,0.4353],"ix":3}},{"ty":"tr","a":{"a":0,"k":[0,0],"ix":1},"s":{"a":0,"k":[100,100],"ix":3},"sk":{"a":0,"k":0,"ix":4},"p":{"a":0,"k":[98.332,146.609],"ix":2},"r":{"a":1,"k":[{"o":{"x":0.167,"y":0.167},"i":{"x":0.833,"y":0.833},"s":[0],"t":0},{"s":[-360],"t":90}],"ix":6},"sa":{"a":0,"k":0,"ix":5},"o":{"a":0,"k":100,"ix":7}}]}],"ind":12},{"ty":4,"nm":"тень","sr":1,"st":0,"op":300,"ip":0,"hd":false,"ddd":0,"bm":0,"hasMask":false,"ao":0,"ks":{"a":{"a":0,"k":[-17.5,380.5,0],"ix":1},"s":{"a":1,"k":[{"o":{"x":0.333,"y":0},"i":{"x":0.667,"y":1},"s":[100,100,100],"t":0},{"o":{"x":0.333,"y":0},"i":{"x":0.667,"y":1},"s":[108,108,100],"t":45},{"s":[100,100,100],"t":90}],"ix":6},"sk":{"a":0,"k":0},"p":{"a":0,"k":[523.5,919.5,0],"ix":2},"r":{"a":0,"k":0,"ix":10},"sa":{"a":0,"k":0},"o":{"a":0,"k":60,"ix":11}},"ef":[],"shapes":[{"ty":"gr","bm":0,"hd":false,"mn":"ADBE Vector Group","nm":"Ellipse 1","ix":1,"cix":2,"np":3,"it":[{"ty":"el","bm":0,"hd":false,"mn":"ADBE Vector Shape - Ellipse","nm":"Ellipse Path 1","d":1,"p":{"a":0,"k":[0,0],"ix":3},"s":{"a":0,"k":[249,59],"ix":2}},{"ty":"st","bm":0,"hd":false,"mn":"ADBE Vector Graphic - Stroke","nm":"Stroke 1","lc":1,"lj":1,"ml":4,"o":{"a":0,"k":100,"ix":4},"w":{"a":0,"k":0,"ix":5},"c":{"a":0,"k":[0,0.8,0.4353],"ix":3}},{"ty":"fl","bm":0,"hd":false,"mn":"ADBE Vector Graphic - Fill","nm":"Fill 1","c":{"a":0,"k":[0.7686,0.7686,0.7686],"ix":4},"r":1,"o":{"a":0,"k":100,"ix":5}},{"ty":"tr","a":{"a":0,"k":[0,0],"ix":1},"s":{"a":0,"k":[100,100],"ix":3},"sk":{"a":0,"k":0,"ix":4},"p":{"a":0,"k":[-17.5,380.5],"ix":2},"r":{"a":0,"k":0,"ix":6},"sa":{"a":0,"k":0,"ix":5},"o":{"a":0,"k":100,"ix":7}}]}],"ind":13}]}]}