{"nm":"OLas","ddd":0,"h":500,"w":1920,"meta":{"g":"@lottiefiles/toolkit-js 0.26.1"},"layers":[{"ty":4,"nm":"Shape Layer 3","sr":1,"st":0,"op":909,"ip":0,"hd":false,"ddd":0,"bm":0,"hasMask":false,"ao":0,"ks":{"a":{"a":0,"k":[0,0,0],"ix":1},"s":{"a":0,"k":[312,312,100],"ix":6},"sk":{"a":0,"k":0},"p":{"s":true,"x":{"a":1,"k":[{"o":{"x":0.001,"y":0.163},"i":{"x":0.999,"y":0.829},"s":[-1857],"t":-6},{"s":[3155],"t":907}],"ix":3},"y":{"a":0,"k":-675,"ix":4},"z":{"a":0,"k":0}},"r":{"a":0,"k":0,"ix":10},"sa":{"a":0,"k":0},"o":{"a":1,"k":[{"o":{"x":0.167,"y":0.167},"i":{"x":0.833,"y":0.833},"s":[0],"t":0},{"o":{"x":0.167,"y":0.167},"i":{"x":0.833,"y":0.833},"s":[26],"t":9},{"o":{"x":0.167,"y":0.167},"i":{"x":0.833,"y":0.833},"s":[26],"t":874},{"s":[0],"t":908}],"ix":11}},"ef":[],"shapes":[{"ty":"gr","bm":0,"hd":false,"mn":"ADBE Vector Group","nm":"Shape 1","ix":1,"cix":2,"np":3,"it":[{"ty":"sh","bm":0,"hd":false,"mn":"ADBE Vector Shape - Group","nm":"Path 1","ix":1,"d":1,"ks":{"a":0,"k":{"c":true,"i":[[72,6],[0,0],[62,0],[-50,-38],[-58,10],[-126,10],[-82,-2],[-80,-12],[-68,14],[-70,2],[-66,-20],[-54,10],[-50,2],[-48,0],[-70.001,-12],[-48,4],[-59.999,6],[-81.999,-18],[-72,-24],[-20,16],[30,14],[88,-20],[74,18],[60,-10],[64,18],[48,-12],[82,-6],[72,-22],[94,18],[70,-16],[64,4],[126,-10]],"o":[[-72,-6],[0,0],[-28.635,0],[50,38],[58,-10],[126,-10],[82,2],[80,12],[68,-14],[70,-2],[66,20],[54,-10],[50,-2],[48,0],[70,12],[48,-4],[60,-6],[82.001,18],[72,24],[20,-16],[-30,-14],[-88,20],[-74,-18],[-60,10],[-64,-18],[-48,12],[-82,6],[-72,22],[-94,-18],[-70,16],[-64,-4],[-126,10]],"v":[[-808,230],[-952,242],[-1062,246],[-1020,322],[-910,328],[-710,304],[-578,302],[-424,332],[-260,322],[-106,300],[42,346],[166,338],[268,320],[390,332],[484.077,338.308],[608,334],[756,318],[862.974,314.667],[1136,348],[1230,328],[1226,260],[1110,272],[980,256],[884,256],[696,260],[554,238],[396,278],[186,258],[12,262],[-210,256],[-446,258],[-680,242]]},"ix":2}},{"ty":"st","bm":0,"hd":false,"mn":"ADBE Vector Graphic - Stroke","nm":"Stroke 1","lc":1,"lj":1,"ml":4,"o":{"a":0,"k":100,"ix":4},"w":{"a":0,"k":0,"ix":5},"c":{"a":0,"k":[1,1,1],"ix":3}},{"ty":"fl","bm":0,"hd":false,"mn":"ADBE Vector Graphic - Fill","nm":"Fill 1","c":{"a":0,"k":[0.1294,0.8118,0.5373],"ix":4},"r":1,"o":{"a":0,"k":100,"ix":5}},{"ty":"tr","a":{"a":0,"k":[0,0],"ix":1},"s":{"a":0,"k":[100,100],"ix":3},"sk":{"a":0,"k":0,"ix":4},"p":{"a":0,"k":[0,0],"ix":2},"r":{"a":0,"k":0,"ix":6},"sa":{"a":0,"k":0,"ix":5},"o":{"a":0,"k":100,"ix":7}}]}],"ind":1},{"ty":4,"nm":"Shape Layer 2","sr":1,"st":0,"op":909,"ip":0,"hd":false,"ddd":0,"bm":0,"hasMask":false,"ao":0,"ks":{"a":{"a":0,"k":[0,0,0],"ix":1},"s":{"a":0,"k":[100,100,100],"ix":6},"sk":{"a":0,"k":0},"p":{"a":0,"k":[960,250,0],"ix":2},"r":{"a":0,"k":0,"ix":10},"sa":{"a":0,"k":0},"o":{"a":0,"k":100,"ix":11}},"ef":[],"shapes":[{"ty":"gr","bm":0,"hd":false,"mn":"ADBE Vector Group","nm":"Shape 1","ix":1,"cix":2,"np":3,"it":[{"ty":"sh","bm":0,"hd":false,"mn":"ADBE Vector Shape - Group","nm":"Path 1","ix":1,"d":1,"ks":{"a":1,"k":[{"o":{"x":0.333,"y":0},"i":{"x":0.324,"y":1},"s":[{"c":true,"i":[[0,26],[230.295,0.725],[253.282,-1.998],[155.683,-1.837],[0,0],[0,0],[-228,4],[-188,4],[-163.999,6],[0,0]],"o":[[0,-7.488],[-209.875,-0.661],[-253.448,1.999],[-110.829,1.308],[0,0],[0,0],[228,-4],[187.999,-4],[163.999,-6],[0,0]],"v":[[978,-96],[639.986,-207.388],[118.001,-98.678],[-637.014,-194.217],[-972,-96],[-976,98],[-284,178],[50.001,98],[612.001,202],[978,98]]}],"t":0},{"o":{"x":0.58,"y":0},"i":{"x":0.591,"y":1},"s":[{"c":true,"i":[[0,26],[230.295,0.725],[253.282,-1.998],[155.683,-1.837],[0,0],[0,0],[-228,4],[-188,4],[-163.999,6],[0,0]],"o":[[0,-7.488],[-209.875,-0.661],[-253.448,1.999],[-110.829,1.308],[0,0],[0,0],[228,-4],[187.999,-4],[163.999,-6],[0,0]],"v":[[978,-96],[721.986,-17.388],[-185.999,-172.677],[-795.014,-22.217],[-972,-96],[-976,98],[-612,180],[32.001,94],[626.001,168],[978,98]]}],"t":212},{"o":{"x":0.523,"y":0},"i":{"x":0.562,"y":1},"s":[{"c":true,"i":[[0,26],[230.295,0.725],[253.282,-1.998],[155.683,-1.837],[0,0],[0,0],[-228,4],[-187.999,4],[-163.999,6],[0,0]],"o":[[0,-7.488],[-209.875,-0.661],[-253.448,1.999],[-110.829,1.308],[0,0],[0,0],[228,-4],[187.999,-4],[163.999,-6],[0,0]],"v":[[978,-96],[757.986,-195.388],[14.001,-110.677],[-613.014,-202.217],[-972,-96],[-976,98],[-700,196],[-39.999,4],[658.001,8],[978,98]]}],"t":455},{"o":{"x":0.561,"y":0},"i":{"x":0.667,"y":1},"s":[{"c":true,"i":[[0,26],[230.295,0.725],[253.282,-1.998],[155.683,-1.837],[0,0],[0,0],[-228,4],[-188,4],[-163.999,6],[0,0]],"o":[[0,-7.488],[-209.875,-0.661],[-253.448,1.999],[-110.829,1.308],[0,0],[0,0],[228,-4],[187.999,-4],[163.999,-6],[0,0]],"v":[[978,-96],[729.986,-151.388],[-55.999,-30.678],[-809.014,-184.217],[-974,-180],[-976,98],[-686,36],[68.001,220],[620.001,80],[978,98]]}],"t":688},{"o":{"x":0.333,"y":0},"i":{"x":0.667,"y":1},"s":[{"c":true,"i":[[0,26],[230.295,0.725],[253.282,-1.998],[155.683,-1.837],[0,0],[0,0],[-228,4],[-188,4],[-163.999,6],[0,0]],"o":[[0,-7.488],[-209.875,-0.661],[-253.448,1.999],[-110.829,1.308],[0,0],[0,0],[228,-4],[187.999,-4],[163.999,-6],[0,0]],"v":[[978,-96],[639.986,-207.388],[118.001,-98.678],[-637.014,-194.217],[-972,-96],[-976,98],[-284,178],[50.001,98],[612.001,202],[978,98]]}],"t":909},{"s":[{"c":true,"i":[[0,26],[230.295,0.725],[253.282,-1.998],[155.683,-1.837],[0,0],[0,0],[-228,4],[-187.999,4],[-163.999,6],[0,0]],"o":[[0,-7.488],[-209.875,-0.661],[-253.448,1.999],[-110.829,1.308],[0,0],[0,0],[228,-4],[187.999,-4],[163.999,-6],[0,0]],"v":[[978,-96],[757.986,-167.388],[-211.999,-44.677],[-875.014,-170.217],[-972,-96],[-976,98],[-706,172],[40.001,90],[618.001,156],[978,98]]}],"t":1089}],"ix":2}},{"ty":"st","bm":0,"hd":false,"mn":"ADBE Vector Graphic - Stroke","nm":"Stroke 1","lc":1,"lj":1,"ml":4,"o":{"a":0,"k":50,"ix":4},"w":{"a":0,"k":0,"ix":5},"c":{"a":0,"k":[1,1,1],"ix":3}},{"ty":"fl","bm":0,"hd":false,"mn":"ADBE Vector Graphic - Fill","nm":"Fill 1","c":{"a":0,"k":[0.1294,0.8118,0.5804],"ix":4},"r":1,"o":{"a":0,"k":50,"ix":5}},{"ty":"tr","a":{"a":0,"k":[0,0],"ix":1},"s":{"a":0,"k":[100,100],"ix":3},"sk":{"a":0,"k":0,"ix":4},"p":{"a":0,"k":[0,0],"ix":2},"r":{"a":0,"k":0,"ix":6},"sa":{"a":0,"k":0,"ix":5},"o":{"a":0,"k":100,"ix":7}}]}],"ind":2},{"ty":4,"nm":"Shape Layer 1","sr":1,"st":0,"op":909,"ip":0,"hd":false,"ddd":0,"bm":0,"hasMask":false,"ao":0,"ks":{"a":{"a":0,"k":[0,0,0],"ix":1},"s":{"a":0,"k":[100,100,100],"ix":6},"sk":{"a":0,"k":0},"p":{"a":0,"k":[960,250,0],"ix":2},"r":{"a":0,"k":0,"ix":10},"sa":{"a":0,"k":0},"o":{"a":0,"k":100,"ix":11}},"ef":[],"shapes":[{"ty":"gr","bm":0,"hd":false,"mn":"ADBE Vector Group","nm":"Shape 1","ix":1,"cix":2,"np":3,"it":[{"ty":"sh","bm":0,"hd":false,"mn":"ADBE Vector Shape - Group","nm":"Path 1","ix":1,"d":1,"ks":{"a":1,"k":[{"o":{"x":0.333,"y":0},"i":{"x":0.324,"y":1},"s":[{"c":true,"i":[[0,26],[230.295,0.725],[253.282,-1.998],[155.683,-1.837],[0,0],[0,0],[-228,4],[-188,4],[-163.999,6],[0,0]],"o":[[0,-7.488],[-209.875,-0.661],[-253.448,1.999],[-110.829,1.308],[0,0],[0,0],[228,-4],[187.999,-4],[163.999,-6],[0,0]],"v":[[978,-96],[733.986,-145.388],[-285.999,-78.677],[-857.014,-150.217],[-972,-96],[-976,98],[-550,140],[50.001,98],[582.001,142],[978,98]]}],"t":0},{"o":{"x":0.58,"y":0},"i":{"x":0.591,"y":1},"s":[{"c":true,"i":[[0,26],[230.295,0.725],[253.282,-1.998],[155.683,-1.837],[0,0],[0,0],[-228,4],[-188,4],[-163.999,6],[0,0]],"o":[[0,-7.488],[-209.875,-0.661],[-253.448,1.999],[-110.829,1.308],[0,0],[0,0],[228,-4],[187.999,-4],[163.999,-6],[0,0]],"v":[[978,-96],[733.986,-77.388],[-69.999,-134.677],[-807.014,-100.217],[-972,-96],[-976,98],[-624,108],[50.001,168],[622.001,80],[978,98]]}],"t":212.02},{"o":{"x":0.523,"y":0},"i":{"x":0.562,"y":1},"s":[{"c":true,"i":[[0,26],[230.295,0.725],[253.282,-1.998],[155.683,-1.837],[0,0],[0,0],[-228,4],[-187.999,4],[-163.999,6],[0,0]],"o":[[0,-7.488],[-209.875,-0.661],[-253.448,1.999],[-110.829,1.308],[0,0],[0,0],[228,-4],[187.999,-4],[163.999,-6],[0,0]],"v":[[978,-96],[757.986,-167.388],[-211.999,-44.677],[-875.014,-170.217],[-972,-96],[-976,98],[-706,172],[40.001,90],[618.001,156],[978,98]]}],"t":455},{"o":{"x":0.561,"y":0},"i":{"x":0.387,"y":1},"s":[{"c":true,"i":[[0,26],[230.295,0.725],[253.282,-1.998],[155.683,-1.837],[0,0],[0,0],[-228,4],[-188,4],[-163.999,6],[0,0]],"o":[[0,-7.488],[-209.875,-0.661],[-253.448,1.999],[-110.829,1.308],[0,0],[0,0],[228,-4],[187.999,-4],[163.999,-6],[0,0]],"v":[[978,-96],[733.986,-77.388],[-69.999,-134.677],[-807.014,-100.217],[-972,-96],[-976,98],[-624,108],[50.001,168],[622.001,80],[978,98]]}],"t":688},{"o":{"x":0.333,"y":0},"i":{"x":0.667,"y":1},"s":[{"c":true,"i":[[0,26],[230.295,0.725],[253.282,-1.998],[155.683,-1.837],[0,0],[0,0],[-228,4],[-188,4],[-163.999,6],[0,0]],"o":[[0,-7.488],[-209.875,-0.661],[-253.448,1.999],[-110.829,1.308],[0,0],[0,0],[228,-4],[187.999,-4],[163.999,-6],[0,0]],"v":[[978,-96],[733.986,-145.388],[-285.999,-78.677],[-857.014,-150.217],[-972,-96],[-976,98],[-550,140],[50.001,98],[582.001,142],[978,98]]}],"t":913},{"s":[{"c":true,"i":[[0,26],[230.295,0.725],[253.282,-1.998],[155.683,-1.837],[0,0],[0,0],[-228,4],[-187.999,4],[-163.999,6],[0,0]],"o":[[0,-7.488],[-209.875,-0.661],[-253.448,1.999],[-110.829,1.308],[0,0],[0,0],[228,-4],[187.999,-4],[163.999,-6],[0,0]],"v":[[978,-96],[757.986,-167.388],[-211.999,-44.677],[-875.014,-170.217],[-972,-96],[-976,98],[-706,172],[40.001,90],[618.001,156],[978,98]]}],"t":1089}],"ix":2}},{"ty":"st","bm":0,"hd":false,"mn":"ADBE Vector Graphic - Stroke","nm":"Stroke 1","lc":1,"lj":1,"ml":4,"o":{"a":0,"k":50,"ix":4},"w":{"a":0,"k":0,"ix":5},"c":{"a":0,"k":[1,1,1],"ix":3}},{"ty":"fl","bm":0,"hd":false,"mn":"ADBE Vector Graphic - Fill","nm":"Fill 1","c":{"a":0,"k":[0.1294,0.8118,0.5059],"ix":4},"r":1,"o":{"a":0,"k":50,"ix":5}},{"ty":"tr","a":{"a":0,"k":[0,0],"ix":1},"s":{"a":0,"k":[100,100],"ix":3},"sk":{"a":0,"k":0,"ix":4},"p":{"a":0,"k":[0,0],"ix":2},"r":{"a":0,"k":0,"ix":6},"sa":{"a":0,"k":0,"ix":5},"o":{"a":0,"k":100,"ix":7}}]}],"ind":3}],"v":"5.7.6","fr":60,"op":909,"ip":0,"assets":[]}